sample_index,source_array_index,payload_real_offset,payload_imag_offset,order
0,0,0,2,real_then_imag
1,1,4,6,real_then_imag
2,2,8,10,real_then_imag
3,3,12,14,real_then_imag
4,4,16,18,real_then_imag
5,5,20,22,real_then_imag
6,6,24,26,real_then_imag
7,7,28,30,real_then_imag
8,8,32,34,real_then_imag
9,9,36,38,real_then_imag
10,10,40,42,real_then_imag
11,11,44,46,real_then_imag
12,12,48,50,real_then_imag
13,13,52,54,real_then_imag
14,14,56,58,real_then_imag
15,15,60,62,real_then_imag
16,16,64,66,real_then_imag
17,17,68,70,real_then_imag
18,18,72,74,real_then_imag
19,19,76,78,real_then_imag
20,20,80,82,real_then_imag
21,21,84,86,real_then_imag
22,22,88,90,real_then_imag
23,23,92,94,real_then_imag
24,24,96,98,real_then_imag
25,25,100,102,real_then_imag
26,26,104,106,real_then_imag
27,27,108,110,real_then_imag
28,28,112,114,real_then_imag
29,29,116,118,real_then_imag
30,30,120,122,real_then_imag
31,31,124,126,real_then_imag
32,32,128,130,real_then_imag
33,33,132,134,real_then_imag
34,34,136,138,real_then_imag
35,35,140,142,real_then_imag
36,36,144,146,real_then_imag
37,37,148,150,real_then_imag
38,38,152,154,real_then_imag
39,39,156,158,real_then_imag
40,40,160,162,real_then_imag
41,41,164,166,real_then_imag
42,42,168,170,real_then_imag
43,43,172,174,real_then_imag
44,44,176,178,real_then_imag
45,45,180,182,real_then_imag
46,46,184,186,real_then_imag
47,47,188,190,real_then_imag
48,48,192,194,real_then_imag
49,49,196,198,real_then_imag
50,50,200,202,real_then_imag
51,51,204,206,real_then_imag
52,52,208,210,real_then_imag
53,53,212,214,real_then_imag
54,54,216,218,real_then_imag
55,55,220,222,real_then_imag
56,56,224,226,real_then_imag
57,57,228,230,real_then_imag
58,58,232,234,real_then_imag
59,59,236,238,real_then_imag
60,60,240,242,real_then_imag
61,61,244,246,real_then_imag
62,62,248,250,real_then_imag
63,63,252,254,real_then_imag
